"Reference","Qty","Value","DNP","Exclude from BOM","Exclude from Board","Footprint","Datasheet"
"C0","1","22uF","","","","",""
"C1,C2,C3,C4,C5,C6,C7,C8,C9,C10,C11,C12,C13,C14,C15,C16,C17,C18,C19,C20,C21,C22,C23,C24,C25,C26,C27,C28,C29,C30,C31,C32","32","0.1uF","","","","",""
"c40,C41,C42,C43,C44","5","1.0uF","","","","",""
"J1,J4","2","CONN_2","","","","",""
"J2,J3","2","CONN_3","","","","",""
"P1","1","CONN_5X2","","","","",""
"P2","1","CONN_10X2","","","","",""
"P3","1","CONN_13X2","","","","",""
"P4","1","CONN_20X2","","","","",""
"P5,P6","2","CONN_4X2","","","","",""
"P20","1","C96ABC","","","","",""
"R1,R2,R3","3","4700","","","","",""
"RP1","1","2200","","","","",""
"RP2","1","47K","","","","",""
"SC1","1","0.22F","","","","",""
"U1","1","74LS240","","","","",""
"U2,U4","2","74LS08","","","","",""
"U3","1","NS32202","","","","",""
"U5,U6,U8,U20","4","74LS244","","","","",""
"U7","1","DS1302","","","","",""
"U9","1","74LS688","","","","",""
"U10","1","74LS02","","","","",""
"U11","1","74LS04","","","","",""
"U12","1","74LS125","","","","",""
"U13","1","74LS139","","","","",""
"U14","1","74LS245","","","","",""
"U15","1","74LS157","","","","",""
"U16","1","74LS273","","","","",""
"U17,U18,U19","3","74LS153","","","","",""
"U21","1","74LS175","","","","",""
"U22","1","82C55","","","","",""
"U27","1","74LS32","","","","",""
"U30","1","16C550FN","","","","",""
"U31","1","DIL14","","","","",""
"U32","1","MAX232","","","","",""
"U33","1","MAX235","","","","",""
"X1","1","CRYSTAL","","","","",""
